ID,URL,Filename
1,https://willow-seeds.s3.us-west-2.amazonaws.com/Houses/Bookshelf/Bookshelf-Exterior.jpeg,Houses/Bookshelf/Bookshelf-Exterior.jpeg
1,https://willow-seeds.s3.us-west-2.amazonaws.com/Houses/Bookshelf/Bookshelf-Bedroom.jpeg,Houses/Bookshelf/Bookshelf-Bedroom.jpeg
1,https://willow-seeds.s3.us-west-2.amazonaws.com/Houses/Bookshelf/Bookshelf-Living-Room.jpeg,Houses/Bookshelf/Bookshelf-Living-Room.jpeg
1,https://willow-seeds.s3.us-west-2.amazonaws.com/Houses/Bookshelf/Bookshelf-Library.webp,Houses/Bookshelf/Bookshelf-Library.webp
2,https://willow-seeds.s3.us-west-2.amazonaws.com/Houses/Branch/Branch-Exterior.jpeg,Houses/Branch/Branch-Exterior.jpeg
2,https://willow-seeds.s3.us-west-2.amazonaws.com/Houses/Branch/Branch-Interior.jpeg,Houses/Branch/Branch-Interior.jpeg
2,https://willow-seeds.s3.us-west-2.amazonaws.com/Houses/Branch/Branch-View.jpeg,Houses/Branch/Branch-View.jpeg
3,https://willow-seeds.s3.us-west-2.amazonaws.com/Houses/DragonDen/DragonDen-Exterior.webp,Houses/DragonDen/DragonDen-Exterior.webp
3,https://willow-seeds.s3.us-west-2.amazonaws.com/Houses/DragonDen/DragonDen-Living-Room.jpeg,Houses/DragonDen/DragonDen-Living-Room.jpeg
3,https://willow-seeds.s3.us-west-2.amazonaws.com/Houses/DragonDen/DragonDen-Green-Room.jpeg,Houses/DragonDen/DragonDen-Green-Room.jpeg
3,https://willow-seeds.s3.us-west-2.amazonaws.com/Houses/DragonDen/DragonDen-Den.jpeg,Houses/DragonDen/DragonDen-Den.jpeg
4,https://willow-seeds.s3.us-west-2.amazonaws.com/Houses/Hideaway/Hideaway-Exterior.jpeg,Houses/Hideaway/Hideaway-Exterior.jpeg
4,https://willow-seeds.s3.us-west-2.amazonaws.com/Houses/Hideaway/Hideaway-Living-Room.jpeg,Houses/Hideaway/Hideaway-Living-Room.jpeg
4,https://willow-seeds.s3.us-west-2.amazonaws.com/Houses/Hideaway/Hideaway-Library.jpeg,Houses/Hideaway/Hideaway-Library.jpeg
4,https://willow-seeds.s3.us-west-2.amazonaws.com/Houses/Hideaway/Hideaway-Kitchen.jpeg,Houses/Hideaway/Hideaway-Kitchen.jpeg
5,https://willow-seeds.s3.us-west-2.amazonaws.com/Houses/Kitchy1/Kitchy1-Exterior.jpeg,Houses/Kitchy1/Kitchy1-Exterior.jpeg
5,https://willow-seeds.s3.us-west-2.amazonaws.com/Houses/Kitchy1/Kitchy1-GreenRoom.jpeg,Houses/Kitchy1/Kitchy1-GreenRoom.jpeg
5,https://willow-seeds.s3.us-west-2.amazonaws.com/Houses/Kitchy1/Kitchy1-Stairs.jpeg,Houses/Kitchy1/Kitchy1-Stairs.jpeg
5,https://willow-seeds.s3.us-west-2.amazonaws.com/Houses/Kitchy1/Kitchy1-Library.jpeg,Houses/Kitchy1/Kitchy1-Library.jpeg
6,https://willow-seeds.s3.us-west-2.amazonaws.com/Houses/Log/Log-Exterior.jpeg,Houses/Log/Log-Exterior.jpeg
6,https://willow-seeds.s3.us-west-2.amazonaws.com/Houses/Log/Log-Kitchen.jpeg,Houses/Log/Log-Kitchen.jpeg
6,https://willow-seeds.s3.us-west-2.amazonaws.com/Houses/Log/Log-Bedroom.png,Houses/Log/Log-Bedroom.png
6,https://willow-seeds.s3.us-west-2.amazonaws.com/Houses/Log/Log-Book.webp,Houses/Log/Log-Book.webp
7,https://willow-seeds.s3.us-west-2.amazonaws.com/Houses/Log2/Log2-Exterior.jpeg,Houses/Log2/Log2-Exterior.jpeg
7,https://willow-seeds.s3.us-west-2.amazonaws.com/Houses/Log2/Log2-Bedroom.jpeg,Houses/Log2/Log2-Bedroom.jpeg
7,https://willow-seeds.s3.us-west-2.amazonaws.com/Houses/Log2/Log2-Living-Room.jpeg,Houses/Log2/Log2-Living-Room.jpeg
7,https://willow-seeds.s3.us-west-2.amazonaws.com/Houses/Log2/Log2-Books.jpeg,Houses/Log2/Log2-Books.jpeg
8,https://willow-seeds.s3.us-west-2.amazonaws.com/Houses/Log3/Log3-Exterior.jpeg,Houses/Log3/Log3-Exterior.jpeg
8,https://willow-seeds.s3.us-west-2.amazonaws.com/Houses/Log3/Log3-Attic.jpeg,Houses/Log3/Log3-Attic.jpeg
8,https://willow-seeds.s3.us-west-2.amazonaws.com/Houses/Log3/Log3-Den.jpeg,Houses/Log3/Log3-Den.jpeg
8,https://willow-seeds.s3.us-west-2.amazonaws.com/Houses/Log3/Log3-Library.png,Houses/Log3/Log3-Library.png
9,https://willow-seeds.s3.us-west-2.amazonaws.com/Houses/McMansion/McMansion-Exterior.jpeg,Houses/McMansion/McMansion-Exterior.jpeg
9,https://willow-seeds.s3.us-west-2.amazonaws.com/Houses/McMansion/McMansion-GreenRoom.jpeg,Houses/McMansion/McMansion-GreenRoom.jpeg
9,https://willow-seeds.s3.us-west-2.amazonaws.com/Houses/McMansion/McMansion-Kitchen.jpg,Houses/McMansion/McMansion-Kitchen.jpg
9,https://willow-seeds.s3.us-west-2.amazonaws.com/Houses/McMansion/McMansion-Bedroom.jpeg,Houses/McMansion/McMansion-Bedroom.jpeg
10,https://willow-seeds.s3.us-west-2.amazonaws.com/Houses/McMansion2/McMansion2-Exterior.jpeg,Houses/McMansion2/McMansion2-Exterior.jpeg
10,https://willow-seeds.s3.us-west-2.amazonaws.com/Houses/McMansion2/McMansion2-Greenhouse.jpeg,Houses/McMansion2/McMansion2-Greenhouse.jpeg
10,https://willow-seeds.s3.us-west-2.amazonaws.com/Houses/McMansion2/McMansion2-Kitchen.jpeg,Houses/McMansion2/McMansion2-Kitchen.jpeg
10,https://willow-seeds.s3.us-west-2.amazonaws.com/Houses/McMansion2/McMansion2-Portal.jpeg,Houses/McMansion2/McMansion2-Portal.jpeg
11,https://willow-seeds.s3.us-west-2.amazonaws.com/Houses/Moss/Moss-Exterior.jpeg,Houses/Moss/Moss-Exterior.jpeg
11,https://willow-seeds.s3.us-west-2.amazonaws.com/Houses/Moss/Moss-Den.jpeg,Houses/Moss/Moss-Den.jpeg
11,https://willow-seeds.s3.us-west-2.amazonaws.com/Houses/Moss/Moss-Kitchen.jpeg,Houses/Moss/Moss-Kitchen.jpeg
11,https://willow-seeds.s3.us-west-2.amazonaws.com/Houses/Moss/Moss-Book.jpeg,Houses/Moss/Moss-Book.jpeg
12,https://willow-seeds.s3.us-west-2.amazonaws.com/Houses/Nautilus/Nautilus-Exterior.jpeg,Houses/Nautilus/Nautilus-Exterior.jpeg
12,https://willow-seeds.s3.us-west-2.amazonaws.com/Houses/Nautilus/Nautilus-Living-Room.jpeg,Houses/Nautilus/Nautilus-Living-Room.jpeg
12,https://willow-seeds.s3.us-west-2.amazonaws.com/Houses/Nautilus/Nautilus-Entry.jpeg,Houses/Nautilus/Nautilus-Entry.jpeg
12,https://willow-seeds.s3.us-west-2.amazonaws.com/Houses/Nautilus/Nautilus-Door.jpeg,Houses/Nautilus/Nautilus-Door.jpeg
12,https://willow-seeds.s3.us-west-2.amazonaws.com/Houses/Nautilus/Nautilus-Bedroom.jpeg,Houses/Nautilus/Nautilus-Bedroom.jpeg
13,https://willow-seeds.s3.us-west-2.amazonaws.com/Houses/PixieWay/PixieWay-Exterior.jpeg,Houses/PixieWay/PixieWay-Exterior.jpeg
13,https://willow-seeds.s3.us-west-2.amazonaws.com/Houses/PixieWay/PixieWay-Lobby.jpeg,Houses/PixieWay/PixieWay-Lobby.jpeg
13,https://willow-seeds.s3.us-west-2.amazonaws.com/Houses/PixieWay/PixieWay-Library.jpeg,Houses/PixieWay/PixieWay-Library.jpeg
13,https://willow-seeds.s3.us-west-2.amazonaws.com/Houses/PixieWay/PixieWay-Library2.webp,Houses/PixieWay/PixieWay-Library2.webp
14,https://willow-seeds.s3.us-west-2.amazonaws.com/Houses/River/River-Exterior.jpeg,Houses/River/River-Exterior.jpeg
14,https://willow-seeds.s3.us-west-2.amazonaws.com/Houses/River/River-Bedroom.jpeg,Houses/River/River-Bedroom.jpeg
14,https://willow-seeds.s3.us-west-2.amazonaws.com/Houses/River/River-Kitchen.jpeg,Houses/River/River-Kitchen.jpeg
15,https://willow-seeds.s3.us-west-2.amazonaws.com/Houses/Rustic1/Rustic1-Exterior.jpeg,Houses/Rustic1/Rustic1-Exterior.jpeg
15,https://willow-seeds.s3.us-west-2.amazonaws.com/Houses/Rustic1/Rustic1-Entry.jpeg,Houses/Rustic1/Rustic1-Entry.jpeg
15,https://willow-seeds.s3.us-west-2.amazonaws.com/Houses/Rustic1/Rustic1-Dining-Room.jpeg,Houses/Rustic1/Rustic1-Dining-Room.jpeg
15,https://willow-seeds.s3.us-west-2.amazonaws.com/Houses/Rustic1/Rustic1-Den.jpeg,Houses/Rustic1/Rustic1-Den.jpeg
15,https://willow-seeds.s3.us-west-2.amazonaws.com/Houses/Rustic1/Rustic1-Cabinet.jpeg,Houses/Rustic1/Rustic1-Cabinet.jpeg
16,https://willow-seeds.s3.us-west-2.amazonaws.com/Houses/Seaside/Seaside-Exterior.webp,Houses/Seaside/Seaside-Exterior.webp
16,https://willow-seeds.s3.us-west-2.amazonaws.com/Houses/Seaside/Seaside-Living-Room.jpeg,Houses/Seaside/Seaside-Living-Room.jpeg
16,https://willow-seeds.s3.us-west-2.amazonaws.com/Houses/Seaside/Seaside-Sink2.jpeg,Houses/Seaside/Seaside-Sink2.jpeg
16,https://willow-seeds.s3.us-west-2.amazonaws.com/Houses/Seaside/Seaside-Sink.jpeg,Houses/Seaside/Seaside-Sink.jpeg
16,https://willow-seeds.s3.us-west-2.amazonaws.com/Houses/Seaside/Seaside-Bedroom.jpeg,Houses/Seaside/Seaside-Bedroom.jpeg
17,https://willow-seeds.s3.us-west-2.amazonaws.com/Houses/SnowAutumn/SnowAutumn-Exterior.webp,Houses/SnowAutumn/SnowAutumn-Exterior.webp
17,https://willow-seeds.s3.us-west-2.amazonaws.com/Houses/SnowAutumn/SnowAutumn-Living-Room.jpeg,Houses/SnowAutumn/SnowAutumn-Living-Room.jpeg
17,https://willow-seeds.s3.us-west-2.amazonaws.com/Houses/SnowAutumn/SnowAutumn-Kitchen.jpeg,Houses/SnowAutumn/SnowAutumn-Kitchen.jpeg
18,https://willow-seeds.s3.us-west-2.amazonaws.com/Houses/Stone1/Stone1-Exterior.jpeg,Houses/Stone1/Stone1-Exterior.jpeg
18,https://willow-seeds.s3.us-west-2.amazonaws.com/Houses/Stone1/Stone1-Bedroom.jpeg,Houses/Stone1/Stone1-Bedroom.jpeg
18,https://willow-seeds.s3.us-west-2.amazonaws.com/Houses/Stone1/Stone1-Living-Room.jpeg,Houses/Stone1/Stone1-Living-Room.jpeg
18,https://willow-seeds.s3.us-west-2.amazonaws.com/Houses/Stone1/Stone1-Kitchen.jpeg,Houses/Stone1/Stone1-Kitchen.jpeg
18,https://willow-seeds.s3.us-west-2.amazonaws.com/Houses/Stone1/Stone1-Landscape.jpeg,Houses/Stone1/Stone1-Landscape.jpeg
19,https://willow-seeds.s3.us-west-2.amazonaws.com/Houses/Treehouse/TreeHouse-Exterior.jpeg,Houses/Treehouse/TreeHouse-Exterior.jpeg
19,https://willow-seeds.s3.us-west-2.amazonaws.com/Houses/Treehouse/TreeHouse-Entry.jpeg,Houses/Treehouse/TreeHouse-Entry.jpeg
19,https://willow-seeds.s3.us-west-2.amazonaws.com/Houses/Treehouse/TreeHouse-Alchemy.jpeg,Houses/Treehouse/TreeHouse-Alchemy.jpeg
20,https://willow-seeds.s3.us-west-2.amazonaws.com/Houses/Tulip/Tulip-Exterior.jpeg,Houses/Tulip/Tulip-Exterior.jpeg
20,https://willow-seeds.s3.us-west-2.amazonaws.com/Houses/Tulip/Tulip-Bedroom.png,Houses/Tulip/Tulip-Bedroom.png
20,https://willow-seeds.s3.us-west-2.amazonaws.com/Houses/Tulip/Tulip-Living-Room.jpeg,Houses/Tulip/Tulip-Living-Room.jpeg
21,https://willow-seeds.s3.us-west-2.amazonaws.com/Houses/Underbrush/Underbrush-Exterior.jpeg,Houses/Underbrush/Underbrush-Exterior.jpeg
21,https://willow-seeds.s3.us-west-2.amazonaws.com/Houses/Underbrush/UnderBrush-Entry-Kitchen.jpeg,Houses/Underbrush/UnderBrush-Entry-Kitchen.jpeg
21,https://willow-seeds.s3.us-west-2.amazonaws.com/Houses/Underbrush/Underbursh-Landscape.jpeg,Houses/Underbrush/Underbursh-Landscape.jpeg
22,https://willow-seeds.s3.us-west-2.amazonaws.com/Houses/Woods1/Woods1-Exterior.jpeg,Houses/Woods1/Woods1-Exterior.jpeg
22,https://willow-seeds.s3.us-west-2.amazonaws.com/Houses/Woods1/Woods1-Den.jpeg,Houses/Woods1/Woods1-Den.jpeg
22,https://willow-seeds.s3.us-west-2.amazonaws.com/Houses/Woods1/Woods1-Kitchen.jpeg,Houses/Woods1/Woods1-Kitchen.jpeg
22,https://willow-seeds.s3.us-west-2.amazonaws.com/Houses/Woods1/Woods1-Balcony.jpeg,Houses/Woods1/Woods1-Balcony.jpeg